{
	"info": {
		"_postman_id": "justice-core-api-collection",
		"name": "Justice Core API Collection",
		"description": "Complete collection of Justice Core Backend APIs",
		"schema": "https://schema.getpostman.com/json/collection/v2.1.0/collection.json"
	},
	"item": [
		{
			"name": "Authentication",
			"item": [
				{
					"name": "Register User",
					"request": {
						"method": "POST",
						"header": [
							{
								"key": "Content-Type",
								"value": "application/json"
							}
						],
						"body": {
							"mode": "raw",
							"raw": "{\n    \"email\": \"user@example.com\",\n    \"password\": \"password123\",\n    \"firstName\": \"John\",\n    \"lastName\": \"Doe\",\n    \"role\": \"lawyer\",\n    \"firmName\": \"Law Firm LLC\",\n    \"numberOfEmployees\": 10,\n    \"phoneNumber\": \"+1234567890\"\n}"
						},
						"url": {
							"raw": "{{baseUrl}}/api/auth/register",
							"host": ["{{baseUrl}}"],
							"path": ["api", "auth", "register"]
						},
						"description": "Register a new user"
					}
				},
				{
					"name": "Login User",
					"request": {
						"method": "POST",
						"header": [
							{
								"key": "Content-Type",
								"value": "application/json"
							}
						],
						"body": {
							"mode": "raw",
							"raw": "{\n    \"email\": \"user@example.com\",\n    \"password\": \"password123\"\n}"
						},
						"url": {
							"raw": "{{baseUrl}}/api/auth/login",
							"host": ["{{baseUrl}}"],
							"path": ["api", "auth", "login"]
						},
						"description": "Login user and get authentication token"
					}
				},
				{
					"name": "Get Profile",
					"request": {
						"method": "GET",
						"header": [
							{
								"key": "x-auth-token",
								"value": "{{authToken}}",
								"type": "text"
							}
						],
						"url": {
							"raw": "{{baseUrl}}/api/auth/profile",
							"host": ["{{baseUrl}}"],
							"path": ["api", "auth", "profile"]
						},
						"description": "Get user profile"
					}
				},
				{
					"name": "Update Profile",
					"request": {
						"method": "PUT",
						"header": [
							{
								"key": "Content-Type",
								"value": "application/json"
							},
							{
								"key": "x-auth-token",
								"value": "{{authToken}}",
								"type": "text"
							}
						],
						"body": {
							"mode": "raw",
							"raw": "{\n    \"firstName\": \"John\",\n    \"lastName\": \"Doe\",\n    \"firmName\": \"Updated Law Firm\",\n    \"numberOfEmployees\": 15,\n    \"phoneNumber\": \"+1234567890\"\n}"
						},
						"url": {
							"raw": "{{baseUrl}}/api/auth/profile",
							"host": ["{{baseUrl}}"],
							"path": ["api", "auth", "profile"]
						},
						"description": "Update user profile"
					}
				},
				{
					"name": "Request Password Reset",
					"request": {
						"method": "POST",
						"header": [
							{
								"key": "Content-Type",
								"value": "application/json"
							}
						],
						"body": {
							"mode": "raw",
							"raw": "{\n    \"email\": \"user@example.com\"\n}"
						},
						"url": {
							"raw": "{{baseUrl}}/api/auth/password-reset-request",
							"host": ["{{baseUrl}}"],
							"path": ["api", "auth", "password-reset-request"]
						},
						"description": "Request password reset"
					}
				},
				{
					"name": "Update Password",
					"request": {
						"method": "PUT",
						"header": [
							{
								"key": "Content-Type",
								"value": "application/json"
							},
							{
								"key": "x-auth-token",
								"value": "{{authToken}}",
								"type": "text"
							}
						],
						"body": {
							"mode": "raw",
							"raw": "{\n    \"currentPassword\": \"oldpassword\",\n    \"newPassword\": \"newpassword123\"\n}"
						},
						"url": {
							"raw": "{{baseUrl}}/api/auth/password",
							"host": ["{{baseUrl}}"],
							"path": ["api", "auth", "password"]
						},
						"description": "Update user password"
					}
				}
			]
		},
		{
			"name": "Cases",
			"item": [
				{
					"name": "Create Case",
					"request": {
						"method": "POST",
						"header": [
							{
								"key": "Content-Type",
								"value": "application/json"
							},
							{
								"key": "x-auth-token",
								"value": "{{authToken}}",
								"type": "text"
							}
						],
						"body": {
							"mode": "raw",
							"raw": "{\n    \"caseName\": \"Smith vs Jones\",\n    \"caseNumber\": \"2025-001\",\n    \"practiceArea\": \"Civil Law\",\n    \"caseStage\": \"Initial Review\",\n    \"dateOpened\": \"2025-07-29\",\n    \"office\": \"Main Office\",\n    \"description\": \"Civil dispute case\",\n    \"statuteOfLimitations\": \"2026-07-29\",\n    \"conflictCheck\": true,\n    \"conflictCheckNotes\": \"No conflicts found\",\n    \"clients\": [\"client_id_1\"],\n    \"contacts\": [\"contact_id_1\"],\n    \"staff\": [\"staff_id_1\"],\n    \"customFields\": {}\n}"
						},
						"url": {
							"raw": "{{baseUrl}}/case",
							"host": ["{{baseUrl}}"],
							"path": ["case"]
						},
						"description": "Create a new case"
					}
				},
				{
					"name": "Get All Cases",
					"request": {
						"method": "GET",
						"header": [
							{
								"key": "x-auth-token",
								"value": "{{authToken}}",
								"type": "text"
							}
						],
						"url": {
							"raw": "{{baseUrl}}/case",
							"host": ["{{baseUrl}}"],
							"path": ["case"]
						},
						"description": "Get all cases for the authenticated lawyer"
					}
				},
				{
					"name": "Get Case by ID",
					"request": {
						"method": "GET",
						"header": [
							{
								"key": "x-auth-token",
								"value": "{{authToken}}",
								"type": "text"
							}
						],
						"url": {
							"raw": "{{baseUrl}}/case/{{caseId}}",
							"host": ["{{baseUrl}}"],
							"path": ["case", "{{caseId}}"]
						},
						"description": "Get a specific case by ID"
					}
				},
				{
					"name": "Update Case",
					"request": {
						"method": "PUT",
						"header": [
							{
								"key": "Content-Type",
								"value": "application/json"
							},
							{
								"key": "x-auth-token",
								"value": "{{authToken}}",
								"type": "text"
							}
						],
						"body": {
							"mode": "raw",
							"raw": "{\n    \"caseName\": \"Updated Smith vs Jones\",\n    \"caseStage\": \"Discovery\",\n    \"description\": \"Updated case description\"\n}"
						},
						"url": {
							"raw": "{{baseUrl}}/case/{{caseId}}",
							"host": ["{{baseUrl}}"],
							"path": ["case", "{{caseId}}"]
						},
						"description": "Update an existing case"
					}
				},
				{
					"name": "Delete Case",
					"request": {
						"method": "DELETE",
						"header": [
							{
								"key": "x-auth-token",
								"value": "{{authToken}}",
								"type": "text"
							}
						],
						"url": {
							"raw": "{{baseUrl}}/case/{{caseId}}",
							"host": ["{{baseUrl}}"],
							"path": ["case", "{{caseId}}"]
						},
						"description": "Delete a case"
					}
				}
			]
		},
		{
			"name": "Invoices",
			"item": [
				{
					"name": "Create Invoice",
					"request": {
						"method": "POST",
						"header": [
							{
								"key": "Content-Type",
								"value": "application/json"
							},
							{
								"key": "x-auth-token",
								"value": "{{authToken}}",
								"type": "text"
							}
						],
						"body": {
							"mode": "raw",
							"raw": "{\n    \"case\": \"{{caseId}}\",\n    \"expenses\": [\n        {\n            \"description\": \"Legal Research\",\n            \"cost\": 100,\n            \"quantity\": 2,\n            \"billable\": true\n        }\n    ],\n    \"date\": \"2025-07-29\"\n}"
						},
						"url": {
							"raw": "{{baseUrl}}/invoice",
							"host": ["{{baseUrl}}"],
							"path": ["invoice"]
						},
						"description": "Create a new invoice"
					}
				},
				{
					"name": "Get All Invoices",
					"request": {
						"method": "GET",
						"header": [
							{
								"key": "x-auth-token",
								"value": "{{authToken}}",
								"type": "text"
							}
						],
						"url": {
							"raw": "{{baseUrl}}/invoice",
							"host": ["{{baseUrl}}"],
							"path": ["invoice"]
						},
						"description": "Get all invoices"
					}
				},
				{
					"name": "Get Invoice Statistics",
					"request": {
						"method": "GET",
						"header": [
							{
								"key": "x-auth-token",
								"value": "{{authToken}}",
								"type": "text"
							}
						],
						"url": {
							"raw": "{{baseUrl}}/invoice/stats",
							"host": ["{{baseUrl}}"],
							"path": ["invoice", "stats"]
						},
						"description": "Get invoice statistics"
					}
				},
				{
					"name": "Get Recent Activity",
					"request": {
						"method": "GET",
						"header": [
							{
								"key": "x-auth-token",
								"value": "{{authToken}}",
								"type": "text"
							}
						],
						"url": {
							"raw": "{{baseUrl}}/invoice/recent-activity",
							"host": ["{{baseUrl}}"],
							"path": ["invoice", "recent-activity"]
						},
						"description": "Get recent invoice activity"
					}
				},
				{
					"name": "Get Invoice by ID",
					"request": {
						"method": "GET",
						"header": [
							{
								"key": "x-auth-token",
								"value": "{{authToken}}",
								"type": "text"
							}
						],
						"url": {
							"raw": "{{baseUrl}}/invoice/{{invoiceId}}",
							"host": ["{{baseUrl}}"],
							"path": ["invoice", "{{invoiceId}}"]
						},
						"description": "Get a specific invoice"
					}
				},
				{
					"name": "Update Invoice",
					"request": {
						"method": "PUT",
						"header": [
							{
								"key": "Content-Type",
								"value": "application/json"
							},
							{
								"key": "x-auth-token",
								"value": "{{authToken}}",
								"type": "text"
							}
						],
						"body": {
							"mode": "raw",
							"raw": "{\n    \"status\": \"Paid\",\n    \"expenses\": [\n        {\n            \"description\": \"Updated Legal Research\",\n            \"cost\": 150,\n            \"quantity\": 2,\n            \"billable\": true\n        }\n    ],\n    \"notes\": \"Payment received\",\n    \"paymentTerms\": \"Net 30\",\n    \"dueDate\": \"2025-08-29\"\n}"
						},
						"url": {
							"raw": "{{baseUrl}}/invoice/{{invoiceId}}",
							"host": ["{{baseUrl}}"],
							"path": ["invoice", "{{invoiceId}}"]
						},
						"description": "Update an invoice"
					}
				},
				{
					"name": "Delete Invoice",
					"request": {
						"method": "DELETE",
						"header": [
							{
								"key": "x-auth-token",
								"value": "{{authToken}}",
								"type": "text"
							}
						],
						"url": {
							"raw": "{{baseUrl}}/invoice/{{invoiceId}}",
							"host": ["{{baseUrl}}"],
							"path": ["invoice", "{{invoiceId}}"]
						},
						"description": "Delete an invoice"
					}
				}
			]
		},
		{
			"name": "Client",
			"item": [
				{
					"name": "Get Client Profile",
					"request": {
						"method": "GET",
						"header": [
							{
								"key": "x-auth-token",
								"value": "{{authToken}}",
								"type": "text"
							}
						],
						"url": {
							"raw": "{{baseUrl}}/client/profile",
							"host": ["{{baseUrl}}"],
							"path": ["client", "profile"]
						},
						"description": "Get client profile"
					}
				},
				{
					"name": "Update Client Profile",
					"request": {
						"method": "PUT",
						"header": [
							{
								"key": "Content-Type",
								"value": "application/json"
							},
							{
								"key": "x-auth-token",
								"value": "{{authToken}}",
								"type": "text"
							}
						],
						"body": {
							"mode": "raw",
							"raw": "{\n    \"company\": \"Client Company Ltd\",\n    \"contactPerson\": \"Jane Smith\",\n    \"email\": \"jane@clientcompany.com\",\n    \"accountType\": \"business\"\n}"
						},
						"url": {
							"raw": "{{baseUrl}}/client/profile",
							"host": ["{{baseUrl}}"],
							"path": ["client", "profile"]
						},
						"description": "Update client profile"
					}
				},
				{
					"name": "Get Client Cases",
					"request": {
						"method": "GET",
						"header": [
							{
								"key": "x-auth-token",
								"value": "{{authToken}}",
								"type": "text"
							}
						],
						"url": {
							"raw": "{{baseUrl}}/client/cases",
							"host": ["{{baseUrl}}"],
							"path": ["client", "cases"]
						},
						"description": "Get all cases for the client"
					}
				}
			]
		},
		{
			"name": "Locations",
			"item": [
				{
					"name": "Create Location",
					"request": {
						"method": "POST",
						"header": [
							{
								"key": "Content-Type",
								"value": "application/json"
							},
							{
								"key": "x-auth-token",
								"value": "{{authToken}}",
								"type": "text"
							}
						],
						"body": {
							"mode": "raw",
							"raw": "{\n    \"name\": \"Main Office\",\n    \"address\": \"123 Business Park\",\n    \"city\": \"Mumbai\",\n    \"state\": \"Maharashtra\",\n    \"country\": \"India\",\n    \"pincode\": \"400001\",\n    \"coordinates\": {\n        \"latitude\": 19.0760,\n        \"longitude\": 72.8777\n    }\n}"
						},
						"url": {
							"raw": "{{baseUrl}}/api/locations",
							"host": ["{{baseUrl}}"],
							"path": ["api", "locations"]
						},
						"description": "Create a new location"
					}
				},
				{
					"name": "Get All Locations",
					"request": {
						"method": "GET",
						"header": [
							{
								"key": "x-auth-token",
								"value": "{{authToken}}",
								"type": "text"
							}
						],
						"url": {
							"raw": "{{baseUrl}}/api/locations",
							"host": ["{{baseUrl}}"],
							"path": ["api", "locations"]
						},
						"description": "Get all locations"
					}
				},
				{
					"name": "Get Location by ID",
					"request": {
						"method": "GET",
						"header": [
							{
								"key": "x-auth-token",
								"value": "{{authToken}}",
								"type": "text"
							}
						],
						"url": {
							"raw": "{{baseUrl}}/api/locations/{{locationId}}",
							"host": ["{{baseUrl}}"],
							"path": ["api", "locations", "{{locationId}}"]
						},
						"description": "Get a specific location"
					}
				},
				{
					"name": "Update Location",
					"request": {
						"method": "PUT",
						"header": [
							{
								"key": "Content-Type",
								"value": "application/json"
							},
							{
								"key": "x-auth-token",
								"value": "{{authToken}}",
								"type": "text"
							}
						],
						"body": {
							"mode": "raw",
							"raw": "{\n    \"name\": \"Updated Main Office\",\n    \"address\": \"124 Business Park\",\n    \"city\": \"Mumbai\",\n    \"state\": \"Maharashtra\",\n    \"country\": \"India\",\n    \"pincode\": \"400001\",\n    \"coordinates\": {\n        \"latitude\": 19.0760,\n        \"longitude\": 72.8777\n    }\n}"
						},
						"url": {
							"raw": "{{baseUrl}}/api/locations/{{locationId}}",
							"host": ["{{baseUrl}}"],
							"path": ["api", "locations", "{{locationId}}"]
						},
						"description": "Update a location"
					}
				},
				{
					"name": "Delete Location",
					"request": {
						"method": "DELETE",
						"header": [
							{
								"key": "x-auth-token",
								"value": "{{authToken}}",
								"type": "text"
							}
						],
						"url": {
							"raw": "{{baseUrl}}/api/locations/{{locationId}}",
							"host": ["{{baseUrl}}"],
							"path": ["api", "locations", "{{locationId}}"]
						},
						"description": "Delete a location"
					}
				}
			]
		},
		{
			"name": "Intervals",
			"item": [
				{
					"name": "Create Interval",
					"request": {
						"method": "POST",
						"header": [
							{
								"key": "Content-Type",
								"value": "application/json"
							},
							{
								"key": "x-auth-token",
								"value": "{{authToken}}",
								"type": "text"
							}
						],
						"body": {
							"mode": "raw",
							"raw": "{\n    \"locationId\": \"{{locationId}}\",\n    \"startTime\": \"09:00\",\n    \"endTime\": \"17:00\",\n    \"days\": [\"Monday\", \"Tuesday\", \"Wednesday\", \"Thursday\", \"Friday\"]\n}"
						},
						"url": {
							"raw": "{{baseUrl}}/api/interval",
							"host": ["{{baseUrl}}"],
							"path": ["api", "interval"]
						},
						"description": "Create a new interval"
					}
				},
				{
					"name": "Get All Intervals",
					"request": {
						"method": "GET",
						"header": [
							{
								"key": "x-auth-token",
								"value": "{{authToken}}",
								"type": "text"
							}
						],
						"url": {
							"raw": "{{baseUrl}}/api/interval",
							"host": ["{{baseUrl}}"],
							"path": ["api", "interval"]
						},
						"description": "Get all intervals"
					}
				},
				{
					"name": "Get Intervals by Location",
					"request": {
						"method": "GET",
						"header": [
							{
								"key": "x-auth-token",
								"value": "{{authToken}}",
								"type": "text"
							}
						],
						"url": {
							"raw": "{{baseUrl}}/api/interval/location/{{locationId}}",
							"host": ["{{baseUrl}}"],
							"path": ["api", "interval", "location", "{{locationId}}"]
						},
						"description": "Get intervals for a specific location"
					}
				},
				{
					"name": "Get Interval by ID",
					"request": {
						"method": "GET",
						"header": [
							{
								"key": "x-auth-token",
								"value": "{{authToken}}",
								"type": "text"
							}
						],
						"url": {
							"raw": "{{baseUrl}}/api/interval/{{intervalId}}",
							"host": ["{{baseUrl}}"],
							"path": ["api", "interval", "{{intervalId}}"]
						},
						"description": "Get a specific interval"
					}
				},
				{
					"name": "Update Interval",
					"request": {
						"method": "PUT",
						"header": [
							{
								"key": "Content-Type",
								"value": "application/json"
							},
							{
								"key": "x-auth-token",
								"value": "{{authToken}}",
								"type": "text"
							}
						],
						"body": {
							"mode": "raw",
							"raw": "{\n    \"startTime\": \"10:00\",\n    \"endTime\": \"18:00\",\n    \"days\": [\"Monday\", \"Tuesday\", \"Wednesday\", \"Thursday\", \"Friday\"]\n}"
						},
						"url": {
							"raw": "{{baseUrl}}/api/interval/{{intervalId}}",
							"host": ["{{baseUrl}}"],
							"path": ["api", "interval", "{{intervalId}}"]
						},
						"description": "Update an interval"
					}
				},
				{
					"name": "Delete Interval",
					"request": {
						"method": "DELETE",
						"header": [
							{
								"key": "x-auth-token",
								"value": "{{authToken}}",
								"type": "text"
							}
						],
						"url": {
							"raw": "{{baseUrl}}/api/interval/{{intervalId}}",
							"host": ["{{baseUrl}}"],
							"path": ["api", "interval", "{{intervalId}}"]
						},
						"description": "Delete an interval"
					}
				}
			]
		}
	],
	"variable": [
		{
			"key": "baseUrl",
			"value": "https://justice-core-backend.onrender.com"
		},
		{
			"key": "authToken",
			"value": "your-auth-token-here"
		},
		{
			"key": "caseId",
			"value": "case-id-here"
		},
		{
			"key": "invoiceId",
			"value": "invoice-id-here"
		},
		{
			"key": "locationId",
			"value": "location-id-here"
		},
		{
			"key": "intervalId",
			"value": "interval-id-here"
		}
	]
}
